{"cameraMode":{"drawMode":0,"name":"Shaded","section":"Shading Mode"},"sceneLighting":true,"audioPlay":false,"sceneViewState":{"showFog":true,"showMaterialUpdate":false,"showSkybox":false,"showFlares":true,"showImageEffects":true,"showParticleSystems":true},"in2DMode":false,"pivot":{"x":-230.9419708251953,"y":-55.0263671875,"z":-25.093528747558595},"rotation":{"x":0.10261910408735275,"y":-0.8873194456100464,"z":0.38072669506073,"w":0.23924341797828675},"size":820.587646484375,"orthographic":false}