{"cameraMode":{"drawMode":0,"name":"Shaded","section":"Shading Mode"},"sceneLighting":true,"audioPlay":false,"sceneViewState":{"showFog":true,"showMaterialUpdate":false,"showSkybox":false,"showFlares":true,"showImageEffects":true,"showParticleSystems":true},"in2DMode":false,"pivot":{"x":41.088844299316409,"y":0.4063425064086914,"z":-3.545576572418213},"rotation":{"x":-0.23824621737003327,"y":0.754745364189148,"z":-0.48730790615081789,"w":-0.36903151869773867},"size":23.7841796875,"orthographic":false}