{"cameraMode":{"drawMode":0,"name":"Shaded","section":"Shading Mode"},"sceneLighting":true,"audioPlay":false,"sceneViewState":{"showFog":true,"showMaterialUpdate":false,"showSkybox":false,"showFlares":true,"showImageEffects":true,"showParticleSystems":true},"in2DMode":false,"pivot":{"x":-6.823874473571777,"y":-32.01605224609375,"z":-51.6369743347168},"rotation":{"x":-0.011450228281319142,"y":-0.9651456475257874,"z":0.25809961557388308,"w":-0.042626745998859408},"size":69.31820678710938,"orthographic":false}