{"cameraMode":{"drawMode":0,"name":"Shaded","section":"Shading Mode"},"sceneLighting":true,"audioPlay":false,"sceneViewState":{"showFog":true,"showMaterialUpdate":false,"showSkybox":false,"showFlares":true,"showImageEffects":true,"showParticleSystems":true},"in2DMode":false,"pivot":{"x":141.60824584960938,"y":55.25754928588867,"z":-371.86248779296877},"rotation":{"x":-0.09773416072130203,"y":0.4392988681793213,"z":0.04821247607469559,"w":0.8917513489723206},"size":23.42098045349121,"orthographic":false}